system:index,Cloud_Cover,azimuth,blue,cScore,date,dswe,dswe_sd,green,hillshade,id,nir,path,pixelCount,qa,red,row,sat,swir1,swir1_sd,swir2,zenith,.geo
1_1_LT05_183064_19870306,55.0,92.169609,550.5374090097514,0.3114585387011552,1987-03-06T08:38:37,0.0,0.9079525497599548,975.6116118769883,164.0,Congo_Land_Upstream,4040.7067328441954,183.0,996,66.00000000000001,704.9376137052758,64.0,5,2072.290361935746,940.8038919206355,883.0,40.02877,
1_1_LT05_183064_19870728,46.0,55.44453,1188.9999999999998,0.5447024959583612,1987-07-28T08:42:34,0.0,0.14442135053899824,1354.0066483811343,180.00000000000003,Congo_Land_Upstream,2223.0,183.0,996,72.0,1349.0,64.0,5,2074.498912649511,555.6925818292632,1297.0000000000002,44.894402,
1_1_LT05_183064_19950413,71.0,70.338898,3905.4394977168963,1.0,1995-04-13T08:26:06,0.0,0.0,4269.243821335491,174.0,Congo_Land_Upstream,5166.2651754306835,183.0,996,224.0,4277.911232304479,64.0,5,4449.810141509433,457.88973595526164,3558.0659228265918,43.104996,
1_1_LT05_183064_19950531,53.0,53.696445,806.0000000000001,0.0,1995-05-31T08:23:57,0.0,0.7463959685204088,1040.5413561847986,190.00000000000003,Congo_Land_Upstream,2983.0110114928693,183.0,996,66.0,906.5086444224204,64.0,5,1913.8289997903125,269.0948182581146,834.9072250345145,48.27528,
1_1_LT05_183064_19980624,46.0,47.262653,856.4503215193658,0.0,1998-06-24T08:55:02,4.0,1.8748515422160534,964.9942914263002,177.00000000000006,Congo_Land_Upstream,2446.9334437086095,183.0,996,66.0,920.2777693244068,64.0,5,1786.9594723703267,200.54590406574243,761.4326085391316,44.092213,
1_1_LT05_183064_19980726,34.0,52.753124,600.0,0.0,1998-07-26T08:55:24,0.0,1.517764147133038,818.5405181347151,172.00000000000003,Congo_Land_Upstream,2518.606200317965,183.0,996,66.0,804.340711073637,64.0,5,2013.4036198643794,238.97525904514578,961.0096484968822,42.535198,
1_1_LT05_183064_19981115,72.0,116.652382,1182.4369151339145,1.0,1998-11-15T08:56:06,0.0,0.0,1412.7260054105122,132.00000000000009,Congo_Land_Upstream,2654.9999999999995,183.0,996,224.0,1275.9999999999998,64.0,5,1546.0,111.97871690454332,998.0,31.102718,
1_2_LE07_183064_19990705,84.0,45.305725,2445.330084348641,1.0,1999-07-05T09:09:50,0.0,1.1150691185061778,2743.0,169.0000000000001,Congo_Land_Upstream,3271.201782820097,183.0,996,224.0,3009.699882306787,64.0,7,3631.5543050084416,976.7384063632843,3346.0053308247097,41.450283,
1_2_LE07_183064_19990822,31.0,59.575905,781.0000000000002,0.0,1999-08-22T09:09:58,0.0,1.9477836604003995,847.0,146.00000000000003,Congo_Land_Upstream,1431.0000000000002,183.0,996,66.0,834.271339557581,64.0,7,1483.059736456808,226.69654176060382,1017.9999999999999,34.924355,
1_2_LE07_183064_19991025,87.0,105.596809,839.8452520423648,0.6509325342060645,1999-10-25T09:09:57,1.0,1.448999378886307,840.3516291183017,111.99999999999999,Congo_Land_Upstream,1338.641371646293,183.0,996,72.0,699.0603208321123,64.0,7,617.4132009104076,611.1856806353782,325.99999999999994,26.021759,
1_2_LE07_183064_20000214,51.0,105.231361,596.227602466449,0.13191908836402358,2000-02-14T09:09:48,0.0,0.7862080480310499,742.9999999999999,141.00000000000003,Congo_Land_Upstream,3707.949395770393,183.0,996,66.00000000000003,592.1634477825464,64.0,7,1798.0000000000002,357.4473168132997,748.9999999999999,33.480301,
1_2_LE07_183064_20000301,40.0,94.707275,436.288063076829,0.4183628405819959,2000-03-01T09:09:43,0.0,1.391056195165188,722.7538564721664,136.99999999999997,Congo_Land_Upstream,3448.0,183.0,996,66.00000000000001,563.0193066451842,64.0,7,1964.7846516108316,687.765409859239,787.6695246427531,32.495789,
1_2_LE07_183064_20000317,95.0,82.876152,1478.9999999999995,1.0,2000-03-17T09:09:40,0.0,0.0,1674.0064054257718,135.00000000000003,Congo_Land_Upstream,3408.0,183.0,996,224.0,1561.0,64.0,7,1985.0,106.79846359862617,1164.0000000000002,31.969574,
1_2_LE07_183064_20000402,96.0,70.913795,20000.0,1.0,2000-04-02T09:09:34,2.0,0.9369745588059558,20000.0,137.00000000000003,Congo_Land_Upstream,7164.006734006734,183.0,996,224.0,20000.0,64.0,7,5666.862311827956,6798.878839239358,4683.767773983234,32.376064,
1_2_LE07_183064_20000418,80.0,60.29892,552.5030904539313,0.0,2000-04-18T09:09:20,0.0,0.4328264228057643,938.1773501796685,142.00000000000003,Congo_Land_Upstream,3908.2043815121556,183.0,996,66.0,722.2850628543258,64.0,7,2032.6900572051209,230.0332698897383,824.6975184218353,33.827736,
1_2_LE07_183064_20000504,65.0,52.164394,2438.5491606714627,1.0,2000-05-04T09:09:19,0.0,1.146795569570197,2512.7845405997537,149.99999999999997,Congo_Land_Upstream,3857.752112933437,183.0,996,224.0,2464.8502689344377,64.0,7,1974.0374093605799,54.00601423168108,1398.6272286313583,36.022896,
1_2_LE07_183064_20000707,70.0,46.007175,2397.157622428107,1.0,2000-07-07T09:08:39,0.0,0.0,2736.6602098466506,169.0000000000001,Congo_Land_Upstream,3592.0000000000005,183.0,996,224.0,3077.2918403811796,64.0,7,4030.0,620.6601037765581,3675.0,41.581577,
1_2_LE07_183064_20000824,73.0,61.274265,3524.4438764899687,1.0,2000-08-24T09:08:04,0.0,0.2826978348655111,3822.363650920736,145.0000000000001,Congo_Land_Upstream,4387.573089700997,183.0,996,224.0,4162.941188532228,64.0,7,4616.806347797136,343.99195099800255,4170.054335839599,34.751743,
1_2_LE07_183064_20001230,84.0,123.442558,20000.0,1.0,2000-12-30T09:07:30,2.0,0.8450356540936056,19999.999999999996,143.99999999999997,Congo_Land_Upstream,6727.549612689045,183.0,996,224.0,20000.0,64.0,7,5315.382842801735,5757.462394464842,3583.0,34.389145,
1_2_LE07_183064_20010115,78.0,119.034065,893.7713811524301,0.16502898150703837,2001-01-15T09:07:33,0.0,1.8818775307970215,1085.153820582229,146.00000000000003,Congo_Land_Upstream,2622.3548575887635,183.0,996,66.0,1006.6786469344609,64.0,7,1445.0,218.27144461310402,820.9999999999998,35.019962,
1_2_LE07_183064_20010216,58.0,103.395119,712.0,0.0,2001-02-16T09:07:30,0.0,1.6933271916889707,884.3577235772358,142.0,Congo_Land_Upstream,2816.5012291260487,183.0,996,66.0,717.0000000000001,64.0,7,1654.314308053166,143.83864922255427,732.0000000000001,33.872578,
1_2_LE07_183064_20010320,64.0,80.990944,620.0564827287049,0.4946137770592642,2001-03-20T09:07:16,0.0,0.39878527188133045,986.3052747995453,137.00000000000003,Congo_Land_Upstream,3235.0,183.0,996,72.0,790.1038330406033,64.0,7,1730.9573953038002,130.52344044712027,811.0,32.534473,
1_2_LE07_183064_20010405,68.0,69.321663,578.3202237570637,0.0020070186506841213,2001-04-05T09:07:07,0.0,0.6946165977483217,918.5361820013429,139.00000000000003,Congo_Land_Upstream,3285.417758846658,183.0,996,66.0,734.1622355395159,64.0,7,1832.0000000000002,156.11156353399278,840.6378484473213,33.090336,
1_2_LE07_183064_20010421,92.0,59.182922,3516.6892727072086,1.0,2001-04-21T09:07:10,0.0,0.7758699386540693,3613.0532071160437,145.00000000000006,Congo_Land_Upstream,4569.564548908722,183.0,996,224.0,3648.7542616082205,64.0,7,3146.998027370238,235.10570987196076,2760.028928488776,34.649326,
1_2_LE07_183064_20010523,24.0,46.828274,677.4694093384802,0.4260005520287055,2001-05-23T09:06:55,0.0,1.575552668696065,922.6889686363187,161.00000000000006,Congo_Land_Upstream,3012.5849609375,183.0,996,66.0,791.8221266044337,64.0,7,1920.0,523.8219923376433,869.9999999999999,39.212017,
1_2_LE07_183064_20010624,45.0,44.901474,2576.7524843296137,1.0,2001-06-24T09:06:28,0.0,0.0,2827.7278507256397,171.00000000000003,Congo_Land_Upstream,3689.480738522953,183.0,996,224.0,2982.3687308085973,64.0,7,3381.0000000000005,780.7645709172217,2883.747632202052,42.059845,
1_2_LE07_183064_20010726,4.0,50.693878,1800.1572133168927,0.0,2001-07-26T09:06:19,0.0,0.0,2034.5729333207935,165.0000000000001,Congo_Land_Upstream,2650.6738680926915,183.0,996,66.0,2202.9407114624505,64.0,7,2609.114456446794,527.3025117942576,2163.0,40.420807,
1_2_LE07_183064_20011115,78.0,118.365746,1713.3565090555487,0.9017231181735734,2001-11-15T09:05:34,1.0,1.6391013511872534,1733.1639304390128,124.00000000000003,Congo_Land_Upstream,2506.0,183.0,996,223.99999999999997,1720.88954248366,64.0,7,1902.7845220030347,1375.8791668831955,1547.3043310131477,29.104668,
1_2_LE07_183064_20020102,85.0,122.568855,2643.3347140720293,1.0,2002-01-02T09:05:41,0.0,0.0,2685.0296320416805,146.0,Congo_Land_Upstream,3445.9999999999995,183.0,996,224.0,2925.0835345243845,64.0,7,3291.9999999999995,398.8306933435188,2907.9999999999995,34.937626,
1_2_LE07_183064_20020118,92.0,117.781929,1152.2582596872874,1.0,2002-01-18T09:05:54,0.0,0.0,1343.0,148.00000000000009,Congo_Land_Upstream,2788.0,183.0,996,224.0,1257.0,64.0,7,1617.9999999999998,159.04366025644663,1039.9999999999998,35.407642,
1_2_LE07_183064_20020219,57.0,101.595192,365.02436049578057,0.35631087102243586,2002-02-19T09:05:54,0.0,1.9888937365251034,616.120425531915,143.00000000000006,Congo_Land_Upstream,2391.070229434807,183.0,996,66.00000000000001,476.1493179662995,64.0,7,1422.5625,379.4392584743421,649.0233079695633,34.087044,
1_2_LE07_183064_20020408,24.0,67.661629,678.5106837606836,0.0,2002-04-08T09:05:53,0.0,0.6725318999610489,1004.8076923076923,141.00000000000009,Congo_Land_Upstream,3207.344475138121,183.0,996,66.0,842.4219406730974,64.0,7,1742.4848219386786,140.89549239268123,814.1687671574742,33.610096,
1_2_LE07_183064_20020424,16.0,57.956894,388.3396690824558,0.0,2002-04-24T09:05:50,0.0,0.7465991992688996,760.3934060042887,147.00000000000009,Congo_Land_Upstream,3307.132770745428,183.0,996,66.0,561.8548387096774,64.0,7,1821.2087196685738,205.84045624150468,730.0,35.283195,
1_2_LE07_183064_20020510,76.0,50.851582,20000.0,1.0,2002-05-10T09:05:53,2.0,0.0,20000.0,155.00000000000003,Congo_Land_Upstream,6338.750233699462,183.0,996,224.0,20000.0,64.0,7,5424.0,267.2324306520207,3811.729693554068,37.527847,
1_2_LE07_183064_20021017,90.0,98.988441,20000.0,1.0,2002-10-17T09:04:49,0.0,1.157314819175846,20000.0,117.00000000000003,Congo_Land_Upstream,20000.0,183.0,996,224.0,20000.0,64.0,7,19999.999999999996,7111.6592504321625,3569.820164401946,27.223774,
1_2_LE07_183064_20030121,71.0,116.680267,3511.7814316009794,1.0,2003-01-21T09:05:34,0.0,0.964072933957783,3648.923123732252,148.00000000000009,Congo_Land_Upstream,4304.999999999998,183.0,996,224.0,3647.796710986703,64.0,7,3712.7080645161295,369.3524329270852,3405.0,35.463985,
1_2_LE07_183064_20030206,41.0,109.246063,448.8421677642231,0.22158826544694613,2003-02-06T09:05:42,0.0,1.4756163832735503,673.4565606361828,146.0,Congo_Land_Upstream,3282.288331407823,183.0,996,66.0,509.48442648157095,64.0,7,1600.111111111111,404.81371307189164,655.0000000000001,34.940723,
1_2_LE07_183064_20030513,53.0,49.905762,940.7851776304597,0.7858641220772052,2003-05-13T09:05:48,0.0,1.640452872730932,1205.9090001130671,157.00000000000006,Congo_Land_Upstream,3482.4169505382206,183.0,996,72.0,1084.0200161250746,64.0,7,2200.9999999999995,1188.0357488290995,1033.4074567243674,37.959049,
1_2_LE07_183064_20030801,83.0,52.485573,2612.7280611027127,1.0,2003-08-01T09:05:31,0.0,0.2191976554055452,3099.0977136288157,163.00000000000006,Congo_Land_Upstream,4085.224970437526,183.0,996,224.0,3585.0766917293236,64.0,7,4322.0,526.8073085136359,3623.0000000000005,39.795788,
1_2_LE07_183064_20040209,88.0,107.779289,20000.0,1.0,2004-02-09T09:06:11,2.0,0.06334060359673695,20000.0,145.00000000000006,Congo_Land_Upstream,6015.000000000001,183.0,996,224.0,20000.0,64.0,7,4477.619264562318,284.0392734765309,3608.0,34.689426,
1_2_LE07_183064_20040312,2.0,86.774284,718.0,0.0,2004-03-12T09:06:19,0.0,1.146795569570197,1041.9999999999998,139.0,Congo_Land_Upstream,2801.752269779506,183.0,996,66.0,951.0,64.0,7,1717.2281145000388,92.10400695631967,865.5924578916145,32.949291,
1_2_LE07_183064_20040616,56.0,44.691116,752.8981488365176,0.0,2004-06-16T09:06:05,0.0,0.3095236765943405,890.5649774209734,170.00000000000003,Congo_Land_Upstream,2844.3055190913765,183.0,996,66.0,880.1464675473865,64.0,7,2174.8054984583764,258.5847273774764,1036.7732308544523,41.850887,
1_2_LE07_183064_20040702,79.0,45.86105,2357.247557984422,1.0,2004-07-02T09:06:05,0.0,0.0,2524.505664155119,171.00000000000003,Congo_Land_Upstream,3278.999999999999,183.0,996,224.0,2877.4628922981074,64.0,7,3619.3640954549955,342.8990914110645,3315.652156001099,42.216656,
1_2_LE07_183064_20040904,78.0,67.558998,20000.0,1.0,2004-09-04T09:05:48,4.0,0.9554414376785275,20000.0,138.0,Congo_Land_Upstream,6212.506693160426,183.0,996,224.0,20000.0,64.0,7,20000.0,6834.8300870766025,4915.473306332843,32.890781,
1_2_LE07_183064_20041123,47.0,121.625381,692.3386454183267,0.6015772248728363,2004-11-23T09:06:07,3.0000000000000004,1.9568546116895822,774.0956668542486,128.0,Congo_Land_Upstream,2291.039548022599,183.0,996,96.00000000000004,629.0,64.0,7,1295.0,542.466124238775,657.9999999999999,30.208275,
1_2_LE07_183064_20050211,91.0,106.253815,1522.104992657856,1.0,2005-02-11T09:06:39,0.0,0.0,1710.5179778583322,144.0,Congo_Land_Upstream,3731.9772575250836,183.0,996,224.0,1560.1426781002638,64.0,7,1950.0000000000007,78.16481171549928,1117.0000000000002,34.433586,
1_2_LE07_183064_20050416,55.0,62.180706,1728.6482790697673,1.0,2005-04-16T09:06:38,0.0,0.0,2032.2695797727072,143.0000000000001,Congo_Land_Upstream,3816.132071752415,183.0,996,224.0,1995.0819496518477,64.0,7,2603.71147664965,320.8172518386021,1481.3939663479352,34.230156,
1_2_LE07_183064_20050502,94.0,53.72834,2879.0563902968865,1.0,2005-05-02T09:06:40,0.0,1.111983939688196,2878.538078394571,151.00000000000006,Congo_Land_Upstream,3473.9999999999995,183.0,996,224.0,2877.8827861307145,64.0,7,2761.169054441261,799.9618590431519,2120.2620291448998,36.273312,
1_2_LE07_183064_20050603,72.0,45.165085,2648.610288834603,1.0,2005-06-03T09:06:37,0.0,0.0,2890.098429089311,166.00000000000003,Congo_Land_Upstream,3654.0,183.0,996,224.0,3116.954800748864,64.0,7,3563.0328777720474,340.57305229796077,3089.0574828559907,40.658878,
1_2_LE07_183064_20050705,91.0,46.15134,20000.0,1.0,2005-07-05T09:06:29,0.0,1.9947674328946003,4728.079585589829,171.00000000000003,Congo_Land_Upstream,5377.384666951062,183.0,996,224.0,5017.769735867688,64.0,7,5226.0,321.75627275763657,4688.075317900229,42.07798,
1_2_LE07_183064_20051212,87.0,124.860298,20000.0,1.0,2005-12-12T09:06:42,2.0,0.5491738429749786,20000.0,137.99999999999997,Congo_Land_Upstream,5704.958769106998,183.0,996,224.0,20000.0,64.0,7,4688.65,366.53818413857726,3772.3814997263266,32.766418,
1_2_LE07_183064_20060113,60.0,119.663857,514.9999999999999,0.007949213359094676,2006-01-13T09:06:57,0.0,1.6307505107374678,720.8609946983087,147.00000000000009,Congo_Land_Upstream,2888.589798087141,183.0,996,66.0,616.3188198788356,64.0,7,1709.0001331557926,198.61802843350117,761.0,35.175892,
1_2_LE07_183064_20060129,58.0,113.228828,821.877185419361,0.2953038129411301,2006-01-29T09:07:04,0.0,0.41298635926600685,1082.982839622175,146.0,Congo_Land_Upstream,3209.4920999999995,183.0,996,66.00000000000001,950.9606027311254,64.0,7,1989.4732959575097,183.76962204759616,1009.5285396926145,34.99622,
1_2_LE07_183064_20060214,61.0,104.669167,502.99999999999994,0.0,2006-02-14T09:07:08,0.0,1.1251987919537465,813.0,143.00000000000006,Congo_Land_Upstream,2993.7119559878174,183.0,996,66.0,676.2058135944599,64.0,7,1824.2177785539645,179.85277250547722,800.9999999999998,34.167221,
1_2_LE07_183064_20060302,51.0,94.266281,689.6278595513561,0.09350971964827887,2006-03-02T09:07:10,0.0,0.362442846110259,1024.2877405773856,140.0,Congo_Land_Upstream,3309.873334342822,183.0,996,66.0,884.0682675814752,64.0,7,1985.9999999999998,167.14443335217402,967.9999999999997,33.190601,
1_2_LE07_183064_20060318,87.0,82.631172,3520.5110650069155,1.0,2006-03-18T09:07:10,0.0,1.6621303242777417,3649.4425277082573,138.0,Congo_Land_Upstream,4525.731225296442,183.0,996,224.0,3771.356166921402,64.0,7,3543.0000000000005,404.53195325962236,3330.0,32.659874,
1_2_LE07_183064_20060505,69.0,52.467518,3137.55757981535,1.0,2006-05-05T09:07:08,0.0,0.0,3428.5094822075434,152.0,Congo_Land_Upstream,4041.9126188640444,183.0,996,224.0,3651.238926760469,64.0,7,3661.0000000000005,434.55993749165805,2962.0000000000005,36.613468,
1_2_LE07_183064_20060521,47.0,47.307045,677.3140548163148,0.041165569181025985,2006-05-21T09:07:09,0.0,0.7141511991807941,945.2916562085414,160.0,Congo_Land_Upstream,2803.4230893260237,183.0,996,66.0,936.4088013038969,64.0,7,2288.0,304.68045014866846,1118.0,38.941849,
1_2_LE07_183064_20060606,37.0,44.845455,3513.5804278255014,1.0,2006-06-06T09:07:07,0.0,1.7621142678031063,3908.707574772432,167.00000000000006,Congo_Land_Upstream,4518.499017681729,183.0,996,224.0,4157.8124685771745,64.0,7,4420.1292415169655,4985.617786135142,3526.686218211649,40.893135,
1_2_LE07_183064_20060622,23.0,44.710812,813.0,0.0,2006-06-22T09:07:02,0.0,1.3183136194322875,916.0000000000002,171.00000000000003,Congo_Land_Upstream,1433.9999999999995,183.0,996,66.0,933.0000000000003,64.0,7,1684.0,261.8120007496072,1199.0000000000002,41.982792,
1_2_LE07_183064_20060708,16.0,46.52779,655.0,0.0,2006-07-08T09:06:56,0.0,1.0703225652593369,767.9999999999998,170.00000000000009,Congo_Land_Upstream,1513.693283000287,183.0,996,66.0,790.2868687557542,64.0,7,1767.3745688197496,261.7004167349069,1205.79408702894,41.927547,
1_2_LE07_183064_20060724,38.0,50.011967,578.0,0.0,2006-07-24T09:06:47,0.0,1.4161140298368908,716.0,166.00000000000006,Congo_Land_Upstream,1481.9999999999995,183.0,996,66.0,724.2422060673842,64.0,7,1705.235787109037,309.6454485709492,1154.2864387939417,40.619991,
1_2_LE07_183064_20060809,15.0,55.081944,782.0,0.0,2006-08-09T09:06:46,0.0,1.523584370397788,882.0000000000001,158.0,Congo_Land_Upstream,1404.0003747599192,183.0,996,66.0,900.2677731178395,64.0,7,1587.8553601815088,294.81440656281865,1127.776119402985,38.19899,
1_2_LE07_183064_20061231,68.0,123.243599,538.9999999999998,0.0,2006-12-31T09:07:17,0.0,1.3823558467242762,732.0815677385153,145.00000000000006,Congo_Land_Upstream,3179.0,183.0,996,66.0,567.9999999999999,64.0,7,1499.9999999999998,323.19600094327495,629.0000000000002,34.565968,
1_2_LE07_183064_20070305,50.0,92.320473,2552.4969063180824,1.0,2007-03-05T09:07:35,0.0,0.0,2742.455066921606,139.0,Congo_Land_Upstream,3503.0,183.0,996,224.0,2822.00770173289,64.0,7,2976.0,331.80464753651006,2655.0,32.971085,
1_2_LE07_183064_20070406,80.0,68.892159,3402.9837220773725,1.0,2007-04-06T09:07:36,0.0,1.3114448453741192,3514.5727936701164,139.00000000000003,Congo_Land_Upstream,4048.0000000000005,183.0,996,224.0,3514.5877390326204,64.0,7,3289.0,692.9959579234372,2790.0,33.155361,
1_2_LE07_183064_20070422,36.0,58.81406,1186.3076923076924,0.9541895035684712,2007-04-22T09:07:34,0.0,0.0,1562.5751244478722,145.0000000000001,Congo_Land_Upstream,3798.944962877188,183.0,996,223.99999999999994,1428.5583636479673,64.0,7,2156.484780763791,118.82802587042362,1232.139252948886,34.738029,
1_2_LE07_183064_20070508,52.0,51.298355,608.9374778447361,0.13199794960766534,2007-05-08T09:07:29,0.0,1.2298549282193456,905.3950662181411,153.00000000000003,Congo_Land_Upstream,3243.3248606466,183.0,996,66.0,741.4513525631446,64.0,7,2004.1279287371806,431.9138175721458,844.1718450826806,36.961517,
1_2_LE07_183064_20070625,68.0,44.823505,1683.3916048550232,0.9493395370844998,2007-06-25T09:07:20,0.0,0.0,1789.4906790945406,171.00000000000003,Congo_Land_Upstream,2689.974387304138,183.0,996,224.0,1732.6626984126983,64.0,7,2024.9943859649122,918.6237419553249,1321.3990610328638,42.011684,
1_2_LE07_183064_20070812,15.0,56.062389,2676.8775100401613,0.4453570442805882,2007-08-12T09:07:08,0.0,0.9432537225152896,2851.9930219034695,156.00000000000003,Congo_Land_Upstream,3249.6842200506694,183.0,996,66.0,2994.3847084264926,64.0,7,3036.140436914846,824.0814039762511,2559.0,37.620289,
1_2_LE07_183064_20080103,74.0,122.656937,2494.9227791563276,1.0,2008-01-03T09:07:26,0.0,0.0,2684.108520768347,145.00000000000006,Congo_Land_Upstream,3666.0661308240215,183.0,996,224.0,2738.364155658693,64.0,7,2965.4796267496113,497.2502825352188,2464.0,34.737637,
1_2_LE07_183064_20080204,72.0,110.514137,19999.999999999993,1.0,2008-02-04T09:07:24,2.0,1.888740759283747,3911.622642854597,145.00000000000006,Congo_Land_Upstream,4622.442230070636,183.0,996,224.0,19999.999999999996,64.0,7,4545.413253638254,1882.5806730634106,4018.842854568389,34.724499,
1_2_LE07_183064_20080220,76.0,101.261124,20000.0,1.0,2008-02-20T09:07:20,4.0,1.2301536536729765,19999.999999999993,142.0,Congo_Land_Upstream,6520.0,183.0,996,224.0,19999.99999999999,64.0,7,19999.999999999993,7210.247916683797,5554.253518585348,33.793568,
1_2_LE07_183064_20080510,76.0,50.406914,1365.3569014084508,0.9661921848507551,2008-05-10T09:07:06,0.0,0.0,1512.856110974308,155.00000000000003,Congo_Land_Upstream,3122.8339300468197,183.0,996,160.00000000000003,1360.493209435311,64.0,7,2079.0,365.33105363980263,1096.0,37.474068,
1_2_LE07_183064_20080627,68.0,45.211899,1157.0000000000002,0.0,2008-06-27T09:06:41,0.0,0.17906423140247352,1256.9999999999998,171.00000000000003,Congo_Land_Upstream,2379.246429381092,183.0,996,66.0,1223.0,64.0,7,1928.9520383693045,184.50449731287517,947.529151588259,42.171848,
1_2_LE07_183064_20080713,84.0,47.639515,19999.999999999993,1.0,2008-07-13T09:06:30,4.0,1.9323018873930746,4673.5680651883185,170.00000000000003,Congo_Land_Upstream,5556.1635639449305,183.0,996,224.0,19999.999999999996,64.0,7,5349.001086661233,523.7321836618619,4233.906986444213,41.697384,
1_2_LE07_183064_20090206,86.0,109.08638,781.9163900414939,0.3955719411695121,2009-02-06T09:06:53,0.0,1.4871101468165353,1015.2916666666666,145.00000000000006,Congo_Land_Upstream,3116.8866776315786,183.0,996,66.0,817.1236963376182,64.0,7,1807.0,550.2382156211404,811.2130868401849,34.556316,
1_2_LE07_183064_20090310,99.0,88.366531,20000.0,1.0,2009-03-10T09:07:12,2.0,0.0,3952.5687876758207,138.00000000000003,Congo_Land_Upstream,4730.0,183.0,996,224.0,3897.6085403957736,64.0,7,2752.0,65.80038460268712,2564.999999999999,32.725258,
1_2_LE07_183064_20090326,83.0,76.466614,20000.0,1.0,2009-03-26T09:07:19,2.0,0.8116499645220409,19999.999999999996,136.99999999999997,Congo_Land_Upstream,6381.746688741721,183.0,996,224.0,20000.0,64.0,7,5047.746138026687,5110.394297402244,4221.300796225302,32.617367,
1_2_LE07_183064_20090411,59.0,65.19838,1182.490883190883,1.0,2009-04-11T09:07:24,0.0,0.7053654104449847,1430.0263593136242,141.0000000000001,Congo_Land_Upstream,2703.9999999999995,183.0,996,224.0,1426.002766889555,64.0,7,1851.3513073794304,258.47766598732045,1326.7988282861622,33.54039,
1_2_LE07_183064_20090529,70.0,45.596615,1121.0976822044815,0.0,2009-05-29T09:07:31,0.0,0.0,1234.0490066717464,163.99999999999997,Congo_Land_Upstream,2914.0971355824317,183.0,996,66.0,1106.0444198078344,64.0,7,1976.933337759777,199.17167629813522,874.9999999999999,39.899353,
1_2_LE07_183064_20090614,63.0,44.370026,1912.8860271437381,0.9895075115334568,2009-06-14T09:07:30,0.0,0.0,2056.2668446170023,169.0000000000001,Congo_Land_Upstream,2937.716729615641,183.0,996,223.99999999999997,2084.0875788038848,64.0,7,2389.7277093596053,482.01411941220215,1736.0000000000002,41.446381,
1_2_LE07_183064_20090630,77.0,45.274658,20000.0,1.0,2009-06-30T09:07:28,2.0,0.5466680769489464,19999.99999999999,171.0,Congo_Land_Upstream,6482.873240616622,183.0,996,224.0,20000.0,64.0,7,5668.193626658041,775.4279431092989,4368.0,41.962391,
1_2_LE07_183064_20090902,72.0,65.996101,690.9999999999998,0.0,2009-09-02T09:07:15,0.0,1.8840957345174436,811.9999999999999,139.00000000000009,Congo_Land_Upstream,1469.9999999999995,183.0,996,66.0,808.3304791854783,64.0,7,1510.0,296.3166563078611,1039.0,32.989662,
1_2_LE07_183064_20091004,78.0,88.52536,540.5117290100534,1.0,2009-10-04T09:07:11,0.0,1.9695537744091145,696.952640810758,117.00000000000001,Congo_Land_Upstream,1775.0,183.0,996,72.0,634.3820096318667,64.0,7,1729.870381231671,367.2943716710102,1008.9730055020633,27.353191,
1_2_LE07_183064_20091121,55.0,121.263809,328.38034821582477,0.0,2009-11-21T09:07:46,2.9999999999999987,1.4602812233505367,528.7895784543325,125.00000000000003,Congo_Land_Upstream,1708.9970428782647,183.0,996,66.0,377.2713359171083,64.0,7,949.0,341.45488100645576,429.0,29.444931,
1_2_LE07_183064_20100329,37.0,74.20636,791.0,1.0,2010-03-29T09:09:16,0.0,1.4461623777475803,1056.682901554404,135.99999999999994,Congo_Land_Upstream,2698.1292845041053,183.0,996,224.0,985.6165361183637,64.0,7,1608.0,187.21500544232572,969.0,32.270336,
1_2_LE07_183064_20100516,66.0,48.054153,859.3562919975565,0.34918575765939824,2010-05-16T09:09:11,0.0,0.2826978348655111,1053.6666666666667,155.99999999999997,Congo_Land_Upstream,3470.7420634920636,183.0,996,66.00000000000003,902.2940868106521,64.0,7,2007.0273734520963,655.1327687318161,883.0000000000001,37.754219,
1_2_LE07_183064_20100601,58.0,44.762253,20000.0,1.0,2010-06-01T09:09:13,2.0,1.5517242862415757,5432.427958115183,164.0,Congo_Land_Upstream,6355.000000000001,183.0,996,224.0,20000.0,64.0,7,5698.581272533388,3375.5363173065957,4424.0,39.885864,
1_2_LE07_183064_20100820,26.0,58.952877,996.0,0.0,2010-08-20T09:09:19,0.0,1.8699803913640547,1059.0,148.00000000000006,Congo_Land_Upstream,1630.9999999999998,183.0,996,66.0,1105.0000000000002,64.0,7,1603.9567276917167,259.22018843065223,1021.9999999999999,35.408676,
1_2_LE07_183064_20101124,67.0,122.62468,1268.151612903226,1.0,2010-11-24T09:09:55,0.0,0.4708910267341318,1450.5558785060311,124.99999999999999,Congo_Land_Upstream,2264.294301044084,183.0,996,224.0,1463.0,64.0,7,1809.9999999999998,275.0319607943696,1570.0,29.39275,
1_2_LE07_183064_20101210,79.0,125.492302,1555.3992586709028,1.0,2010-12-10T09:10:04,0.0,1.2748090455480963,1712.1820778293466,134.0,Congo_Land_Upstream,2497.8198422996297,183.0,996,224.0,1747.906502016129,64.0,7,2162.269230769231,674.375417384354,1642.0000000000002,31.698593,
1_2_LE07_183064_20110228,100.0,95.882408,20000.0,1.0,2011-02-28T09:10:36,2.0,1.0856956389351926,19999.999999999993,136.0,Congo_Land_Upstream,5395.0954875100715,183.0,996,224.0,20000.0,64.0,7,4354.0,338.2749079851554,3864.069627507163,32.345459,
1_2_LE07_183064_20110417,50.0,61.012062,848.5896965655218,1.0,2011-04-17T09:10:40,0.0,0.252980172659014,1174.9999999999998,140.00000000000003,Congo_Land_Upstream,3175.9999999999995,183.0,996,224.0,1071.0,64.0,7,1975.9999999999998,123.4157645207583,999.0000000000001,33.341869,
1_2_LE07_183064_20110620,58.0,43.703266,763.9999999999999,0.0,2011-06-20T09:10:38,0.0,0.5878837716028992,864.8763410997748,168.0,Congo_Land_Upstream,1485.0,183.0,996,66.0,919.9999999999999,64.0,7,1606.076377795527,262.3680884280358,1211.4809958833812,41.180832,
1_2_LE07_183064_20110706,39.0,45.280724,1946.092798541477,0.9077205157525333,2011-07-06T09:10:36,0.0,0.3095236765943405,2170.9955580233204,168.0,Congo_Land_Upstream,2624.2758274824478,183.0,996,224.0,2353.725265739983,64.0,7,2651.9978337395073,597.4181597722679,2272.241758241758,41.273331,
1_2_LE07_183064_20110722,79.0,48.544949,1277.096991701245,1.0,2011-07-22T09:10:35,0.0,0.7465991992688996,1386.1240153698366,164.00000000000003,Congo_Land_Upstream,1865.9999999999995,183.0,996,224.0,1410.0829820646331,64.0,7,1422.8517769981697,100.16751402744129,1138.6581406452492,40.097958,
1_2_LE07_183064_20110807,16.0,53.403152,710.0,0.0,2011-08-07T09:10:30,0.0,1.84533755208039,808.0,156.0,Congo_Land_Upstream,1358.3106503018905,183.0,996,66.0,830.4540210645582,64.0,7,1446.4415509562482,155.70842763531567,1068.0981605351171,37.759602,
1_2_LE07_183064_20110823,81.0,59.970219,1759.0,0.7481684476164189,2011-08-23T09:10:28,0.0,1.3043896024439754,1883.6631989596879,145.00000000000009,Congo_Land_Upstream,2259.482446920328,183.0,996,160.0,1972.6234718826406,64.0,7,2183.0000000000005,823.0668741293406,1856.6018882769474,34.564198,
1_2_LE07_183064_20110908,6.0,68.658943,736.9999999999998,0.0,2011-09-08T09:10:24,0.0,1.7371857208723427,856.0000000000002,132.00000000000009,Congo_Land_Upstream,1651.758682691398,183.0,996,66.0,845.0,64.0,7,1692.472349576013,165.06429006395368,1167.0000000000002,31.049839,
1_2_LE07_183064_20120606,48.0,43.723358,676.4120672462956,0.615133472654864,2012-06-06T09:11:23,0.0,1.6524368952486956,948.5186896143772,164.00000000000003,Congo_Land_Upstream,2732.0,183.0,996,96.00000000000006,961.9044460621748,64.0,7,2218.5598930914393,746.3758899619048,1109.5625,40.1096,
1_2_LE07_183064_20120724,21.0,48.962898,632.9999999999999,0.0,2012-07-24T09:11:57,0.0,1.336403463837838,734.9999999999999,162.0,Congo_Land_Upstream,1294.7597739048517,183.0,996,66.0,762.2643893094956,64.0,7,1449.9999999999998,219.15435752054537,1136.9999999999998,39.511429,
1_2_LE07_183064_20120809,19.0,54.040478,543.0,0.0,2012-08-09T09:12:09,0.0,1.4499883065930652,674.0,153.0,Congo_Land_Upstream,1332.0,183.0,996,66.0,684.4407355707956,64.0,7,1539.1693014218845,213.23691865879414,1144.2237577887843,36.923546,
1_2_LE07_183064_20121129,48.0,124.752983,345.99999999999994,0.0,2012-11-29T09:13:04,4.0,1.8274294942554954,584.4405850091407,126.00000000000001,Congo_Land_Upstream,2126.76290097629,183.0,996,66.0,404.61661225970255,64.0,7,1038.5083944580279,270.9161440519,453.563296969697,29.570148,
1_2_LE07_183064_20130201,69.0,112.380386,677.0,0.04405977682268051,2013-02-01T09:13:17,0.0,0.93673353640742,945.6350713386488,140.0,Congo_Land_Upstream,3750.1823255813956,183.0,996,66.0,740.9999999999999,64.0,7,1793.0,181.92257529244037,797.4806133816821,33.335526,
1_2_LE07_183064_20130321,86.0,79.586853,732.8354078195929,1.0,2013-03-21T09:13:10,0.0,1.3067646107248148,1010.5964125560538,132.0,Congo_Land_Upstream,2812.0236966824646,183.0,996,159.99999999999997,893.426007604563,64.0,7,1464.9999999999998,250.8713700673044,848.4821644498186,31.071522,
1_2_LE07_183064_20130508,72.0,49.701061,943.6565923280034,0.5538346279720829,2013-05-08T09:12:57,0.0,1.6520561880741391,1080.9508978989675,149.0000000000001,Congo_Land_Upstream,2818.0,183.0,996,72.0,959.1646315477408,64.0,7,1725.0455698995918,1834.657120006613,813.9999999999999,35.872433,
1_2_LE07_183064_20130711,16.0,45.782829,690.9999999999999,0.0,2013-07-11T09:12:29,0.0,1.4725051712955939,885.0000000000003,166.00000000000003,Congo_Land_Upstream,2384.0,183.0,996,66.0,872.6719128329299,64.0,7,2003.3248217757614,239.56784726563984,1011.0,40.661228,
1_2_LE07_183064_20130812,1.0,55.052139,926.0,0.0,2013-08-12T09:12:19,0.0,1.6401038030657968,1051.0000000000002,151.00000000000006,Congo_Land_Upstream,1760.8815336013788,183.0,996,66.0,1072.965561307371,64.0,7,1781.328468743193,313.9236969241477,1106.0,36.347599,
1_2_LE07_183064_20130828,2.0,62.271202,1582.0881133379405,0.0,2013-08-28T09:12:30,0.0,0.5028907901204347,1651.0532025871057,138.00000000000006,Congo_Land_Upstream,2127.0000000000005,183.0,996,66.0,1639.9999999999998,64.0,7,2144.0,536.6424653470318,1512.9999999999998,32.885639,
1_2_LE07_183064_20140103,77.0,123.692871,1065.1422423306115,0.7809904972201411,2014-01-03T09:13:31,0.0,1.5188370611392217,1228.227759914255,140.0,Congo_Land_Upstream,2578.9437706725466,183.0,996,160.0000000000001,1242.9432703003336,64.0,7,1732.4545968349662,260.4261650641136,1136.0,33.350311,
1_2_LE07_183064_20140220,73.0,101.288185,1313.0,1.0,2014-02-20T09:13:47,0.0,0.0,1582.2042502776749,135.00000000000003,Congo_Land_Upstream,3249.0,183.0,996,224.0,1507.0,64.0,7,1845.023584905661,61.728631287127186,1172.9999999999995,32.060398,
1_2_LE07_183064_20140324,39.0,77.353455,505.4762741652022,0.39745278183036953,2014-03-24T09:14:00,0.0,1.1234935272815123,904.0,131.00000000000006,Congo_Land_Upstream,3216.673013245033,183.0,996,66.0,753.2857142857143,64.0,7,1957.3162362419966,256.8778669335809,907.9444517833551,30.905025,
1_2_LE07_183064_20140409,68.0,65.394821,560.9460699717602,0.2502582705729269,2014-04-09T09:14:04,0.0,0.4180373737874772,1008.1971102390296,134.00000000000003,Congo_Land_Upstream,3488.625,183.0,996,66.00000000000001,793.6227994989121,64.0,7,2177.2093648323666,191.06491529853008,950.0,31.777866,
1_2_LE07_183064_20140730,12.0,49.941254,1997.3744403563985,0.22683253814912668,2014-07-30T09:14:42,0.0,0.252980172659014,2298.618360988334,158.0,Congo_Land_Upstream,3039.9999999999995,183.0,996,130.0,2556.196313936633,64.0,7,3215.0,590.3023235599458,2869.0000000000005,38.231087,
1_2_LE07_183064_20140815,9.0,55.645584,20000.0,0.0,2014-08-15T09:14:44,2.0,0.9846219228528299,20000.0,147.00000000000006,Congo_Land_Upstream,7279.000000000001,183.0,996,66.0,20000.0,64.0,7,6047.006287920571,7014.327846490655,4360.999999999999,35.31171,
1_2_LE07_183064_20141002,70.0,86.277916,816.0,0.0,2014-10-02T09:14:57,0.0,1.9864429286496295,935.0000000000002,110.0,Congo_Land_Upstream,1969.5603984176323,183.0,996,66.0,848.1551384326607,64.0,7,1751.0,314.25190613889254,991.0000000000001,25.623795,
1_2_LE07_183064_20141103,86.0,113.335304,19999.999999999996,1.0,2014-11-03T09:15:16,2.0,1.28192368470747,4026.19478945774,109.0,Congo_Land_Upstream,4450.51280091708,183.0,996,224.0,19999.999999999985,64.0,7,4030.6098351610462,1493.8102560497225,3378.101058008026,25.420296,
1_2_LE07_183064_20141221,85.0,126.413002,2362.426469910076,1.0,2014-12-21T09:15:37,0.0,0.12668120719347392,2466.2793522267207,135.00000000000003,Congo_Land_Upstream,3209.50256849315,183.0,996,224.0,2502.230354486862,64.0,7,2904.0,702.2520172204494,2598.0,31.901295,
1_2_LE07_183064_20150514,57.0,46.88525,694.5767841788477,0.0,2015-05-14T09:16:31,0.0,0.4708910267341318,958.6699460107977,150.00000000000003,Congo_Land_Upstream,3029.9999227441285,183.0,996,66.0,796.8205983325158,64.0,7,2004.8025544802153,174.20503591455474,884.1727787349249,36.071976,
1_2_LE07_183064_20150701,54.0,43.173618,735.0000000000001,0.0,2015-07-01T09:16:43,1.0,1.996225076946413,857.9999999999999,165.00000000000009,Congo_Land_Upstream,1704.1621031746033,183.0,996,66.00000000000001,881.3356119706735,64.0,7,1683.8658710366938,359.2900249703475,981.9999999999997,40.31786,
1_2_LE07_183064_20150919,25.0,75.157494,733.9999999999999,0.0,2015-09-19T09:17:02,0.0,1.2587334622040183,862.0,116.99999999999999,Congo_Land_Upstream,1639.0,183.0,996,66.0,838.0868069179922,64.0,7,1662.6892088847435,216.66370377313507,1169.9999999999998,27.214603,
1_2_LE07_183064_20160313,74.0,85.240952,1045.0000000000002,1.0,2016-03-13T09:19:09,0.0,0.0,1334.9999999999998,125.99999999999999,Congo_Land_Upstream,3595.0946541254916,183.0,996,224.0,1204.8348247888266,64.0,7,1844.9999999999998,97.97423312095594,1012.2685369441084,29.649822,
1_2_LE07_183064_20160329,60.0,72.296036,668.4339834677722,0.06605812073656403,2016-03-29T09:19:14,0.0,0.17906423140247352,1012.9312762973352,127.00000000000001,Congo_Land_Upstream,3709.1343207354444,183.0,996,66.00000000000001,804.0131017942796,64.0,7,1970.9271517773336,170.55475451157434,870.0,29.846401,
1_2_LE07_183064_20160414,56.0,60.534306,1424.0,1.0,2016-04-14T09:19:20,0.0,0.0,1666.59749412686,132.00000000000003,Congo_Land_Upstream,3018.5844006882044,183.0,996,224.0,1627.7534530386743,64.0,7,1989.5714926444205,215.90744712814214,1567.0,31.202271,
1_2_LE07_183064_20160617,35.0,41.46349,642.9999999999999,0.0,2016-06-17T09:19:38,0.0,1.0809332257088387,866.201399603262,161.99999999999994,Congo_Land_Upstream,2916.203019419249,183.0,996,66.0,759.0,64.0,7,1837.6568320030406,179.33592645689458,796.0,39.560337,
1_2_LE07_183064_20160804,27.0,50.52438,729.0,0.0,2016-08-04T09:19:42,4.0,1.9678018182897838,885.0,151.00000000000006,Congo_Land_Upstream,1961.0795171488787,183.0,996,66.0,884.2766577605054,64.0,7,1719.5293105426178,276.93004585704,962.4171879471767,36.340607,
1_2_LE07_183064_20160820,1.0,56.89407,807.0000000000005,0.0,2016-08-20T09:19:43,0.0,1.7739787634623112,958.9999999999997,139.00000000000003,Congo_Land_Upstream,1907.0,183.0,996,66.0,947.0000000000001,64.0,7,1784.9999999999998,312.2392744825719,1110.9999999999995,33.075325,
1_2_LE07_183064_20160905,39.0,65.487411,710.5794847032041,0.06312053941090652,2016-09-05T09:19:47,0.0,1.581303308319046,832.5374048081229,125.00000000000007,Congo_Land_Upstream,1554.1846542150429,183.0,996,66.0,840.5608795119471,64.0,7,1668.852924212712,296.42670646343834,1083.0,29.386997,
1_2_LE07_183064_20170111,52.0,122.330727,600.2958329562936,0.5101454989945191,2017-01-11T09:19:16,3.0,1.171818371520919,662.3610267418759,137.00000000000003,Congo_Land_Upstream,1342.9999999999998,183.0,996,72.0,544.1700014150277,64.0,7,579.0,321.41745367252577,264.15172512118625,32.421249,
1_2_LE07_183064_20170212,21.0,106.68615,698.6344578647785,0.4022514885059737,2017-02-12T09:19:00,0.0,1.5841222793945726,966.4883426400321,133.00000000000003,Congo_Land_Upstream,2649.9484451718495,183.0,996,66.0,894.4318680354479,64.0,7,1709.0072659836446,105.97141666573569,913.4598693960729,31.308479,
1_2_LE07_183064_20170503,68.0,50.070305,785.5617259128198,0.18772524742715196,2017-05-03T09:19:32,0.0,0.9860945704622507,1063.023751827867,142.00000000000003,Congo_Land_Upstream,3000.7128286491384,183.0,996,66.0,979.4341400332531,64.0,7,2274.3198855790097,445.7761669650086,1074.0,33.8531,
1_2_LE07_183064_20170604,85.0,41.853008,2218.11284451378,1.0,2017-06-04T09:19:39,0.0,0.0,2476.1978674790557,159.0000000000001,Congo_Land_Upstream,3361.9371760315157,183.0,996,224.0,2570.7140271493213,64.0,7,2988.9337281443877,428.7942633782824,2336.0,38.487011,
1_2_LE07_183064_20170620,27.0,41.571609,1209.4723573336987,0.4470091873348842,2017-06-20T09:19:43,0.0,0.0,1318.70164890225,163.00000000000003,Congo_Land_Upstream,1808.075839031265,183.0,996,66.0,1358.9999999999998,64.0,7,1685.8219595882576,329.1825656281388,1222.8067658998648,39.691162,
1_2_LE07_183064_20171213,62.0,127.619431,20000.0,1.0,2017-12-13T09:19:28,2.0,0.9020043665236807,19999.999999999993,129.00000000000006,Congo_Land_Upstream,7314.002279635259,183.0,996,224.0,20000.0,64.0,7,5961.961181530105,399.21661841134636,4221.902090209022,30.294632,
1_2_LE07_183064_20180130,49.0,114.224434,465.4698769977408,0.32010173100429795,2018-01-30T09:18:48,0.0,1.7139751112795578,737.081146613503,135.99999999999997,Congo_Land_Upstream,3043.3745691306017,183.0,996,66.0,609.9650928381961,64.0,7,1696.4745762711864,677.9223346657343,742.0,32.167187,
1_2_LE07_183064_20180303,72.0,93.529564,496.1585414925558,0.06239107290721977,2018-03-03T09:18:25,0.0,0.28956770199914195,864.0207086737082,128.0,Congo_Land_Upstream,3810.0000000000005,183.0,996,66.0,643.0134135060131,64.0,7,2051.0000000000005,193.85597794818477,915.0208955223881,30.217293,
1_2_LE07_183064_20180404,33.0,68.260384,491.4589089442373,0.23462008595875555,2018-04-04T09:18:00,0.0,0.50462370769671,904.3287494072509,129.00000000000003,Congo_Land_Upstream,3345.7094388165297,183.0,996,66.00000000000001,728.5444209842456,64.0,7,2020.0,266.09470659094245,910.0000000000001,30.480572,
1_2_LE07_183064_20180522,77.0,44.48719,3133.6746388661754,1.0,2018-05-22T09:17:11,0.0,1.1795389933780929,3391.710881762138,154.0,Congo_Land_Upstream,4232.074038060841,183.0,996,224.0,3521.552385779451,64.0,7,3890.6627839254506,916.2483472735486,3314.3,37.194389,
1_2_LE07_183064_20180607,39.0,42.316757,822.3083926800687,0.0024486416150782705,2018-06-07T09:16:55,0.0,1.129385534392662,994.8373467600701,161.00000000000003,Congo_Land_Upstream,2676.2191307403937,183.0,996,66.0,908.5414310569812,64.0,7,1965.0664754953075,227.7992335690888,893.0,39.208263,
1_2_LE07_183064_20180810,86.0,53.443733,3606.378305692514,1.0,2018-08-10T09:15:44,0.0,1.3803114114529433,3979.663677130045,150.00000000000003,Congo_Land_Upstream,4747.269271383316,183.0,996,224.0,4359.691470054447,64.0,7,5003.0,1806.51112916891,4191.0,36.099129,
1_2_LE07_183064_20181029,81.0,109.529282,20000.0,1.0,2018-10-29T09:13:58,2.0,0.93268499072015,20000.0,108.99999999999997,Congo_Land_Upstream,5428.138851075416,183.0,996,224.0,20000.0,64.0,7,4792.544850686953,6694.785048862524,3930.0,25.270363,
1_2_LE07_183064_20190101,62.0,123.99099,385.00000000000006,0.0,2019-01-01T09:12:18,0.0,1.6669339796276332,657.6246824152657,141.00000000000003,Congo_Land_Upstream,3146.6416932009743,183.0,996,66.0,456.41325358204904,64.0,7,1400.0241456166418,275.09146656846804,569.0000000000001,33.462597,
1_2_LE07_183064_20190117,76.0,119.10495,20000.0,1.0,2019-01-17T09:11:48,2.0,0.9873373705603915,20000.0,143.00000000000003,Congo_Land_Upstream,7452.039269671062,183.0,996,224.0,20000.0,64.0,7,5660.562749140893,7234.932746359237,4325.973629782833,34.045273,
1_2_LE07_183064_20190202,21.0,111.876877,425.8932491500729,1.0,2019-02-02T09:11:17,0.0,1.99832291259259,741.2992957746479,142.00000000000003,Congo_Land_Upstream,2489.3118113280498,183.0,996,72.0,633.9144378555004,64.0,7,1304.4906790945404,160.32573529449178,650.2889925031999,33.737778,
1_2_LE07_183064_20190306,76.0,91.522026,2637.4362170087975,1.0,2019-03-06T09:10:19,0.0,0.2826978348655111,2801.5921757770634,135.00000000000003,Congo_Land_Upstream,3960.5468331846564,183.0,996,224.0,2844.926257952574,64.0,7,3048.008999795459,760.9154956398077,2825.769318366683,32.093189,
1_2_LE07_183064_20190322,63.0,79.501022,3782.928713858424,1.0,2019-03-22T09:09:47,0.0,0.8816610301916,3992.0,135.00000000000003,Congo_Land_Upstream,4763.0,183.0,996,224.0,4019.019096695968,64.0,7,4320.0,1726.5851585312344,3738.438144329897,31.902054,
1_2_LE07_183064_20190423,69.0,57.90498,613.1970080067425,0.1971531091045306,2019-04-23T09:08:39,0.0,0.3596620421562315,1034.125,144.00000000000003,Congo_Land_Upstream,3521.6717935517086,183.0,996,66.00000000000004,844.0809537011365,64.0,7,2085.0,252.4756880091974,914.0,34.506695,
2_LC08_183064_20130414,24.21,60.828289,602.6877869605141,0.748263081108789,2013-04-14T09:18:54,0.0,1.4147722854464688,978.9962284482758,132.00000000000009,Congo_Land_Upstream,3287.3197873148497,183.0,996,352.0,791.7371202113605,64.0,8,1862.6892523364484,517.4269060993971,921.4104090647205,31.26326,
2_LC08_183064_20130516,80.43,45.492031,4315.864588074646,1.0,2013-05-16T09:19:04,0.0,0.17906423140247352,4340.259862778731,150.00000000000003,Congo_Land_Upstream,4835.494252873564,183.0,996,992.0,4346.592178770949,64.0,8,4187.571428571428,280.53337266331147,3578.4633108826656,36.006084,
2_LC08_183064_20130804,62.41,50.588173,787.3209471766847,0.028670005125980835,2013-08-04T09:19:05,0.0,1.1062430151147558,1123.443661971831,152.00000000000003,Congo_Land_Upstream,2183.7556296914095,183.0,996,322.0000000000002,1147.380893300248,64.0,8,1990.8134036400745,451.52013267494834,1223.1485970446622,36.511551,
2_LC08_183064_20131108,72.82,117.467285,1254.0264078905507,1.0,2013-11-08T09:18:49,0.0,1.4713638756781857,1348.6310585965762,109.00000000000001,Congo_Land_Upstream,2011.2223360655737,183.0,996,864.0,1351.202479338843,64.0,8,1685.2616459627325,564.4288448935328,1464.933673469388,25.221428,
2_LC08_183064_20140127,73.75,115.659058,2263.775,1.0,2014-01-27T09:18:11,0.0,0.0,2360.5,137.00000000000006,Congo_Land_Upstream,3254.1340679522496,183.0,996,992.0,2360.77497749775,64.0,8,2521.6325648414986,609.5389803319024,2164.0359348680518,32.43961,
2_LC08_183064_20140212,29.62,106.765587,3863.2,1.0,2014-02-12T09:17:56,0.0,1.2635660839066627,4084.3302540415707,134.0,Congo_Land_Upstream,4942.975294778214,183.0,996,480.0,4242.833333333333,64.0,8,3985.0922685332484,1269.3252903545983,3027.1571428571433,31.57708,
2_LC08_183064_20140228,80.98,95.807327,5784.1590806669665,1.0,2014-02-28T09:17:44,2.0,0.5181501140138539,5910.2658249445485,130.00000000000006,Congo_Land_Upstream,6423.693048685238,183.0,996,992.0,5933.534480062549,64.0,8,4151.117647058823,373.0619960531318,2859.875,30.545624,
2_LC08_183064_20140316,49.39,83.359352,490.57142857142856,0.0,2014-03-16T09:17:34,0.0,0.2191976554055452,857.1818181818181,127.00000000000001,Congo_Land_Upstream,3500.0,183.0,996,322.0,649.4299504950495,64.0,8,1959.8297322934234,127.44366477517573,890.4495232753785,29.993633,
2_LC08_183064_20140401,68.11,70.686218,570.5294117647059,0.08218918812349674,2014-04-01T09:17:18,0.0,0.12668120719347392,1009.5792151162791,129.00000000000003,Congo_Land_Upstream,3449.184017595308,183.0,996,322.00000000000006,833.4612296640607,64.0,8,1991.8482713170433,116.11761083737368,995.3158623874394,30.432369,
2_LC08_183064_20140417,31.57,59.450985,656.570395738204,0.7685461929734629,2014-04-17T09:17:00,0.0,1.3205952716186093,1166.5417453172643,135.00000000000009,Congo_Land_Upstream,4275.036397866332,183.0,996,351.99999999999994,912.7969653864388,64.0,8,2576.3646868500114,1448.0188310108877,1167.8677673432294,31.982338,
2_LC08_183064_20140503,25.03,50.892529,1840.2955020920504,1.0,2014-05-03T09:16:46,0.0,1.422051152444832,1971.9140154772142,143.99999999999997,Congo_Land_Upstream,3178.1666666666665,183.0,996,480.0,1935.960972017673,64.0,8,2319.5454545454545,1142.821304990222,1652.8333333333333,34.320934,
2_LC08_183064_20140519,98.47,45.376266,3637.714285714286,1.0,2014-05-19T09:16:36,2.0,0.0,3673.301837270341,153.0,Congo_Land_Upstream,4202.129098360655,183.0,996,992.0,3621.554824561403,64.0,8,1578.5552384834896,74.75918093525824,1694.3962115232835,36.852604,
2_LC08_183064_20140604,58.56,42.614326,538.34247590808,0.08338393596467018,2014-06-04T09:16:43,0.0,0.2191976554055452,880.8066443594647,159.99999999999997,Congo_Land_Upstream,3096.5765673175742,183.0,996,322.0,765.436987704918,64.0,8,1974.3031154837197,171.72038472174287,947.359066427289,38.935299,
2_LC08_183064_20140620,39.78,42.249966,811.6570702794241,0.10180986554157961,2014-06-20T09:16:48,0.0,1.7320508075688772,1194.6774614781928,164.00000000000003,Congo_Land_Upstream,2710.2030512739852,183.0,996,322.0,1204.9334665905196,64.0,8,2053.285,409.2651038323642,1224.4337011408265,40.136967,
2_LC08_183064_20140722,21.26,47.154591,564.5202291442893,0.0,2014-07-22T09:16:57,4.0,1.9799917201390425,808.5079406068431,160.0,Congo_Land_Upstream,2166.192065611291,183.0,996,322.0,786.4931333574267,64.0,8,1735.7734435392754,255.75151746976172,907.7676601736682,38.874241,
2_LC08_183064_20141213,58.7,127.166245,297.8151477578012,0.1572059461377706,2014-12-13T09:17:10,4.0,1.844334331925015,625.7272727272727,130.00000000000003,Congo_Land_Upstream,2160.980503655565,183.0,996,322.0,413.3668421697073,64.0,8,1002.8,328.40654389008364,453.3509700176367,30.647568,
2_LC08_183064_20150130,43.8,114.135643,1032.0000000000002,1.0,2015-01-30T09:17:02,0.0,0.252980172659014,1206.3390039447734,137.00000000000003,Congo_Land_Upstream,3257.1783029001076,183.0,996,992.0,1066.0000000000002,64.0,8,1699.5710165825524,72.00565024579574,921.5720381889194,32.579067,
2_LC08_183064_20150215,51.36,104.937202,1640.5620641562064,1.0,2015-02-15T09:16:53,0.0,0.6836752269451136,1803.1008583690987,134.0,Congo_Land_Upstream,2712.330220713073,183.0,996,480.0,1775.9669907881269,64.0,8,2198.8100294985256,691.1969715878397,1959.222267871816,31.636097,
2_LC08_183064_20150319,100.0,81.225266,4156.0,1.0,2015-03-19T09:16:39,2.0,0.0,4153.999999999999,128.0,Congo_Land_Upstream,4809.0,183.0,996,992.0,4061.0,64.0,8,1734.9999999999998,12.12609037860426,1701.0,30.199158,
2_LC08_183064_20150404,24.03,68.742134,461.14778856526425,0.024372067347502073,2015-04-04T09:16:27,0.0,0.6908119378891077,875.2618153710247,131.00000000000009,Congo_Land_Upstream,3728.6706740510604,183.0,996,322.0,658.8397520577176,64.0,8,2151.751925868036,308.17064736246465,998.7551769716551,30.803932,
2_LC08_183064_20150420,54.09,57.928028,473.4245076586434,0.0,2015-04-20T09:16:27,0.0,0.6725318999610489,869.3629233511587,137.0,Congo_Land_Upstream,3288.0947022972346,183.0,996,322.0,685.488864142539,64.0,8,1880.6406817998222,166.71820976834948,859.9987605866556,32.491692,
2_LC08_183064_20150506,51.09,49.88419,517.4726429134203,0.0,2015-05-06T09:16:12,0.0,0.17906423140247352,917.6032176121931,146.0,Congo_Land_Upstream,3280.1714285714284,183.0,996,322.0,729.46875,64.0,8,2007.3745406158916,172.34514377576,875.3758992805756,34.877193,
2_LC08_183064_20150623,81.95,42.502945,2155.425738870184,1.0,2015-06-23T09:16:24,0.0,0.0,2291.510796337882,165.00000000000014,Congo_Land_Upstream,3027.2,183.0,996,480.0,2354.5616400660433,64.0,8,2691.5747950819673,367.4348103108749,2135.5341641598625,40.302528,
2_LC08_183064_20150927,83.83,81.593437,3379.517797383632,1.0,2015-09-27T09:17:05,0.0,0.0,3514.261102362205,110.99999999999997,Congo_Land_Upstream,4007.691275167785,183.0,996,480.0,3655.5818426620503,64.0,8,3894.4435240963853,468.16400091583387,3368.4544776119405,25.807838,
2_LC08_183064_20160202,54.91,112.718956,534.6766353164959,0.08744134695004142,2016-02-02T09:17:07,0.0,1.7842232725326155,828.4066985645933,137.00000000000009,Congo_Land_Upstream,2919.2281667977973,183.0,996,322.0,749.4757423927654,64.0,8,1610.5602399870277,271.9412139885057,763.8751770685776,32.423,
2_LC08_183064_20160422,54.78,56.254185,443.0893747168101,0.201218406214266,2016-04-22T09:16:36,0.0,0.4180373737874772,883.3968175853017,137.99999999999997,Congo_Land_Upstream,3627.492389800356,183.0,996,322.0000000000001,635.6005167958656,64.0,8,1880.6156967308136,225.81323706635698,851.4282705099778,32.805683,
2_LC08_183064_20160508,65.29,48.699509,1422.9682391405886,1.0,2016-05-08T09:16:39,0.0,0.0,1677.0032397408208,147.00000000000006,Congo_Land_Upstream,4141.486314593981,183.0,996,480.0000000000002,1453.1537344733022,64.0,8,2286.2014936984597,785.9181933320904,1239.79173693086,35.238136,
2_LC08_183064_20160524,37.08,44.111458,535.315805995919,0.41422656835298277,2016-05-24T09:16:42,0.0,0.17906423140247352,935.2805309734513,156.0,Congo_Land_Upstream,3693.858110287004,183.0,996,322.0,774.2211345381525,64.0,8,2104.533218503937,416.414189896231,1031.5236787920385,37.632473,
2_LC08_183064_20160609,68.67,42.226933,2057.376057662175,1.0,2016-06-09T09:16:46,0.0,0.3785127246362653,2167.4358370614545,161.99999999999997,Congo_Land_Upstream,3062.169773635153,183.0,996,480.0,2166.7190737355268,64.0,8,2312.1139854486655,616.6224564425573,1670.702160101652,39.45771,
2_LC08_183064_20160625,78.78,42.58519,631.4959552495696,0.3293206103860259,2016-06-25T09:16:52,0.0,0.9879436444629643,983.9945663531871,165.00000000000006,Congo_Land_Upstream,2925.2742577288027,183.0,996,322.00000000000006,879.2862295455408,64.0,8,1965.0422671943843,733.0404011327533,975.2097139329078,40.274036,
2_LC08_183064_20160711,60.17,44.802792,777.4263877715206,0.0,2016-07-11T09:17:00,0.0,1.9868562150777884,1141.471840354767,163.00000000000003,Congo_Land_Upstream,2314.8719567177636,183.0,996,322.0,1155.2941176470588,64.0,8,1779.179995390643,286.3721269763349,1035.472090823084,39.845936,
2_LC08_183064_20160828,45.37,61.423996,2937.3290920854,1.0,2016-08-28T09:17:14,0.0,0.2826978348655111,3016.0,134.00000000000003,Congo_Land_Upstream,3561.116941529235,183.0,996,991.9999999999998,3142.9473684210525,64.0,8,3368.9137380191696,594.4371829476463,2678.8888888888887,31.784527,
2_LC08_183064_20160929,59.92,83.931633,2700.2696629213483,0.9937857340010251,2016-09-29T09:17:18,0.0,1.7594587318583048,2709.0,109.00000000000006,Congo_Land_Upstream,3028.781725888325,183.0,996,480.0,2692.0,64.0,8,2581.3333333333335,1555.3656119160087,1961.5483870967744,25.336227,
2_LC08_183064_20170103,44.01,124.352722,444.55642570281117,0.0,2017-01-03T09:17:17,4.0,1.9997419229951998,750.5029585798817,137.00000000000003,Congo_Land_Upstream,2470.262921348315,183.0,996,322.0,642.5588998443176,64.0,8,1434.7644605116795,173.7856812880674,705.3149033862637,32.57666,
2_LC08_183064_20170204,43.67,111.224602,807.0277410832232,0.8697724853120933,2017-02-04T09:17:05,0.0,1.2041095633901973,1198.0689206762029,135.99999999999994,Congo_Land_Upstream,3149.6502205711627,183.0,996,416.0000000000001,1107.8012163892447,64.0,8,2161.6884148518384,910.4598468281663,1261.1909134847754,32.270596,
2_LC08_183064_20170308,48.97,89.517662,461.3264900662252,0.0,2017-03-08T09:16:52,0.0,0.33415488828247714,837.6078663065497,129.00000000000003,Congo_Land_Upstream,3403.2101460656513,183.0,996,322.0,633.6717396394286,64.0,8,1862.8109826589591,136.46440756366124,826.7511312217194,30.351135,
2_LC08_183064_20170324,61.53,76.815292,2102.0,1.0,2017-03-24T09:16:42,4.0,0.10959882770277461,2203.0,128.0,Congo_Land_Upstream,3050.4838056680164,183.0,996,992.0,2145.0,64.0,8,1446.0,38.24624046727346,1337.0000000000002,30.237068,
2_LC08_183064_20170409,62.31,64.719231,242.0300057703405,1.0,2017-04-09T09:16:35,0.0,0.9291180064962928,730.0000000000001,132.00000000000003,Congo_Land_Upstream,3116.6967406707604,183.0,996,328.0,602.8,64.0,8,1944.8840513290559,248.33287222592384,884.0059422750422,31.236412,
2_LC08_183064_20170425,25.83,54.770454,442.5708515651296,0.0,2017-04-25T09:16:25,0.0,0.4871702799796561,797.6440285548911,140.0,Congo_Land_Upstream,3056.418964357768,183.0,996,322.0,694.1968873517787,64.0,8,1991.5416008180719,166.52642235074285,979.6736785329017,33.225258,
2_LC08_183064_20170628,48.86,42.86248,602.523076923077,0.0,2017-06-28T09:16:51,0.0,1.322875274525812,808.4137931034483,165.00000000000009,Congo_Land_Upstream,1461.0722989439478,183.0,996,322.0,833.5257267640234,64.0,8,1511.4333333333334,261.60686452404826,1090.9387493593028,40.305981,
2_LC08_183064_20171002,67.73,86.376686,1163.3049817739977,1.0,2017-10-02T09:17:19,0.0,1.0619433819141146,1219.6144867284936,107.99999999999999,Congo_Land_Upstream,1915.5745192307693,183.0,996,480.0,1139.5962858296327,64.0,8,1516.6170212765956,189.25712849006106,1099.8349465104432,25.011292,
2_LC08_183064_20171103,80.3,113.916466,1267.245733788396,1.0,2017-11-03T09:17:22,0.0,0.4180373737874772,1409.1,108.00000000000003,Congo_Land_Upstream,2410.406983087834,183.0,996,480.0,1341.35924058143,64.0,8,1740.3636363636363,240.7363531185837,1315.25,24.975044,
2_LC08_183064_20180106,61.28,123.591537,984.781697905182,1.0,2018-01-06T09:17:12,0.0,1.6401038030657968,1156.5802469135804,137.99999999999997,Congo_Land_Upstream,2550.5392138770994,183.0,996,480.0,1089.2920313219715,64.0,8,1496.6472004816376,147.97384699672284,949.1647727272727,32.716656,
2_LC08_183064_20180122,77.81,117.789337,371.411914275336,0.17943298765821541,2018-01-22T09:17:04,4.0,1.981146061933399,667.2739981360671,138.0,Congo_Land_Upstream,2454.7568897637793,183.0,996,322.0000000000001,545.4635017866259,64.0,8,1106.9218087611869,285.487065757599,525.8,32.833771,
2_LC08_183064_20180223,90.13,99.371109,2193.1039543416227,1.0,2018-02-23T09:16:50,4.0,1.9525136309074445,2308.875,132.00000000000003,Congo_Land_Upstream,3422.1510254816653,183.0,996,992.0,2218.0,64.0,8,1618.7529069767443,44.66544408299192,1384.4017857142858,31.077812,
2_LC08_183064_20180311,40.9,87.366249,475.4987018174556,0.12833878790268527,2018-03-11T09:16:41,0.0,1.395449417264536,883.4193548387096,129.00000000000003,Congo_Land_Upstream,3602.9041178238654,183.0,996,322.0,659.1657754010695,64.0,8,2007.062072460096,453.91294292483167,907.9726123595503,30.28717,
2_LC08_183064_20180327,62.58,74.654625,508.56380837359086,0.0,2018-03-27T09:16:34,0.0,0.6133938342823063,925.0223476297969,129.00000000000003,Congo_Land_Upstream,3382.8432448917356,183.0,996,322.0,746.4375,64.0,8,1842.5226385636222,120.90901386262216,857.5754209338655,30.357227,
2_LC08_183064_20180412,78.13,62.842789,2099.437396580254,1.0,2018-04-12T09:16:25,0.0,1.579043741967316,2260.226102138804,133.0000000000001,Congo_Land_Upstream,3815.98899188876,183.0,996,992.0,2138.2727272727275,64.0,8,1667.7458087178668,241.92621078763912,1203.6494771522703,31.543152,
2_LC08_183064_20180717,58.53,46.122631,549.3457956539344,0.0,2018-07-17T09:16:16,0.0,1.3838077002350504,801.1325518485123,161.99999999999997,Congo_Land_Upstream,2391.375,183.0,996,322.0,761.6198580079348,64.0,8,1783.3201815642458,358.45820798157916,1012.0,39.530537,
2_LC08_183064_20180802,27.58,50.478626,551.0741999186849,0.0619533930050077,2018-08-02T09:16:23,0.0,1.2181342565244093,742.412109375,155.0,Congo_Land_Upstream,1642.576923076923,183.0,996,322.0,759.2154383083555,64.0,8,1648.2443076923078,368.62515829293955,1142.5995812614499,37.402515,
2_LC08_183064_20180919,71.29,75.39846,1142.2222222222222,0.9915342454950515,2018-09-19T09:16:43,0.0,1.5597986559900194,1319.25,116.99999999999999,Congo_Land_Upstream,2152.422380336352,183.0,996,416.0,1282.0,64.0,8,2034.0997658079618,970.4600188623491,1433.3641404805912,27.211056,
2_LC08_183064_20181021,59.61,103.37384,453.4106019766397,0.03497496155514373,2018-10-21T09:16:57,3.0000000000000004,1.9894207789112746,709.617617107943,105.00000000000003,Congo_Land_Upstream,2151.064107342527,183.0,996,322.0,545.750340798442,64.0,8,1608.129841324006,328.6594096389652,870.6578313253012,24.192741,
2_LC08_183064_20181224,79.74,126.369415,3112.9220234768027,1.0,2018-12-24T09:16:57,0.0,0.0,3337.07,135.00000000000003,Congo_Land_Upstream,4233.32387312187,183.0,996,480.0,3512.461836998706,64.0,8,4081.8149668455962,861.9263114433885,3638.411655300682,31.9006,
2_LC08_183064_20190210,59.9,108.017471,1003.3596655614817,1.0,2019-02-10T09:16:50,0.0,0.5471730958298768,1220.3731503900997,135.0,Congo_Land_Upstream,3367.772135070459,183.0,996,992.0,1027.5764864344812,64.0,8,1756.0626540213575,115.1712416735632,922.9782608695652,31.980984,
2_LC08_183064_20190226,34.89,97.404884,460.6019504876218,0.0,2019-02-26T09:16:46,0.0,0.9407941258321113,817.5300659511186,131.00000000000006,Congo_Land_Upstream,3191.459497534632,183.0,996,322.0,664.4996081504702,64.0,8,1651.142648415872,119.24032636387683,785.9235140674492,30.911736,
2_LC08_183064_20190314,37.36,85.179924,436.6319849482596,0.0,2019-03-14T09:16:40,0.0,0.6021451896127045,809.4950087149421,128.0,Congo_Land_Upstream,3384.351681957187,183.0,996,322.0,610.4444444444445,64.0,8,1832.1123635621752,149.2668911435371,795.7915770742197,30.228836,
2_LC08_183064_20190330,32.72,72.497139,737.5,0.9426678758724024,2019-03-30T09:16:38,0.0,1.0193146693355588,1029.5555555555557,129.00000000000003,Congo_Land_Upstream,2904.4181861236084,183.0,996,416.0,894.292343387471,64.0,8,1675.2080217539087,158.9310122416358,971.6305101535412,30.4692,
2_LC08_183064_20190415,77.54,60.990494,1488.2785342410896,1.0,2019-04-15T09:16:32,0.0,0.7871895735583367,1702.4868720281167,135.00000000000006,Congo_Land_Upstream,3248.3021514697766,183.0,996,992.0,1613.390966266438,64.0,8,1910.9063392347227,417.8152863035724,1203.8494513031549,31.838856,
2_LC08_183064_20190501,74.63,51.983902,3858.4044059795438,1.0,2019-05-01T09:16:30,2.0,0.0,3867.0514569125858,143.00000000000006,Congo_Land_Upstream,4827.4,183.0,996,992.0,3747.0,64.0,8,1817.7739130434782,152.57171793898385,1601.7591240875913,34.042229,
2_LC08_183064_20190517,86.65,45.961311,6358.986600846262,1.0,2019-05-17T09:16:40,4.0,0.8345686880552962,6440.205357142857,152.00000000000006,Congo_Land_Upstream,6968.064345991562,183.0,996,992.0,6516.54932735426,64.0,8,5190.84193194292,520.0769093288727,3731.4285714285716,36.515682,
2_LC08_183064_20190602,52.72,42.826298,2749.2921450151052,1.0,2019-06-02T09:16:49,0.0,0.0,2813.384057971015,159.00000000000006,Congo_Land_Upstream,3283.860977288369,183.0,996,480.0,2819.709733124019,64.0,8,2812.036476256022,180.21392548179304,2385.233543733093,38.680115,
